{
  "marketing_stripe": {
    "text": "Aproveite nossos descontos de até 40%!",
    "link": "/promotion",
    "background": "#a15a33",
    "color": "#ffffff"
  },
  "contacts_stripe": {
    "pages": [
      {
        "title": "Sobre nós",
        "link": "/pages/sobre-nos"
      },
      {
        "title": "Esta loja é um PWA",
        "link": "/posts/esta-loja-e-um-pwa"
      }
    ],
    "phone_wpp": true,
    "socials": true
  },
  "categories_list": {
    "featured": [
      "/camisas?Camisas",
      "/shorts?Short",
      "/calcas?Calça",
      "/macacao?Macacão",
      "/vestidos?Vestido"
    ],
    "random": 6,
    "full_width": false
  },
  "search_input": true
}